id_segmento,segmento_jusante
540543,544397
542190,543905
543905,544397
544397,544931
545471,543905
545472,545471
546617,547708
547708,545471
548228,547708
550065,549471
550066,552816
551141,552816
551718,544931
551719,551718
551720,554482
552261,549471
552262,557198
552816,553383
552817,553383
552818,556142
553380,552261
553381,549471
553382,551718
553383,556142
553938,553381
553939,554482
554482,555585
555022,557196
555023,555585
555583,552261
555584,553381
555585,558224
556139,555583
556140,561475
556141,557198
556142,557198
556651,564199
557196,557195
557197,555583
557198,561476
557703,558224
558224,558733
558731,557196
558732,558733
558733,559269
558734,565855
559266,558731
559267,561475
559268,559269
559269,562031
559270,565857
559271,563121
560380,563638
560381,561474
560382,561474
561473,558731
561474,562029
561475,569746
561476,564800
562025,557195
562026,561473
562027,562026
562028,562027
562029,563638
562030,566366
562031,561476
562032,563121
562589,562029
562590,562031
563121,565858
563636,561473
563637,562027
563638,563637
563639,564199
563649,564808
563651,568697
564199,564800
564200,565859
564201,566915
564213,573060
564214,564808
564799,563637
564800,565854
564808,570852
565328,566915
565337,566378
565340,566379
565341,568151
565848,564799
565849,566366
565850,568688
565851,565852
565852,565853
565853,565854
565854,566367
565855,565856
565856,565857
565857,565858
565858,565859
565859,569216
565869,571899
565870,569754
566365,565848
566366,568688
566367,566914
566368,565856
566377,566378
566378,567524
566912,564799
566913,565852
566914,565855
566915,569217
566919,568151
567511,569746
567512,566913
567523,574097
567525,565340
567526,566379
568134,565848
568135,568686
568136,568686
568137,566368
568145,572483
568146,567526
568147,567524
568148,567526
568149,568150
568150,572487
568151,568697
568686,570842
568687,571894
568688,571894
568689,566913
568690,569218
568695,570852
568696,568148
568697,572489
569211,562026
569212,570842
569213,568689
569214,566367
569215,569216
569216,569217
569217,569218
569226,569754
569746,571893
569747,566914
569748,569215
569754,571899
569755,569756
569756,568150
570294,566368
570299,573058
570300,576307
570839,572471
570840,569211
570841,570840
570842,571365
570850,577970
570851,572483
570852,572484
570853,572484
571364,569211
571365,571893
571366,568689
571367,565853
571374,573570
571375,577972
571376,569756
571892,570840
571893,573559
571894,574614
571899,574097
572472,573559
572473,573559
572474,574614
572481,573058
572482,581266
572483,573060
572484,574098
572485,576307
572486,572487
572487,576880
572488,572489
573058,575176
573059,578567
573060,573570
573061,568148
573558,571365
573559,574613
573560,569215
573570,575177
573571,572489
574089,576294
574096,575176
574097,580174
574098,575177
574099,576306
574611,573558
574612,574613
574613,576867
574614,578558
574623,582959
575174,576294
575176,579084
575177,578567
575749,572471
575750,576867
575751,577435
575752,571895
575753,571895
575765,577970
575766,579084
575767,576880
576293,573558
576294,580165
576305,576877
576306,574098
576307,576306
576866,575749
576867,577435
576868,578558
576869,577436
576870,577436
576877,579082
576878,576877
576879,577972
576880,578568
577435,578558
577436,579070
577437,575752
577963,575749
577969,581264
577970,581830
577971,581831
577972,586936
577973,578568
578557,575749
578558,582383
578559,580721
578560,586235
578561,579071
578562,575752
578567,580174
578568,579624
578569,579624
579068,580164
579069,580165
579070,579071
579071,577437
579072,578562
579073,579072
579082,581264
579083,579082
579084,580729
579085,579620
579086,576306
579087,579622
579617,580164
579619,588067
579620,582401
579621,579620
579622,579086
579623,580175
579624,584080
580162,578557
580163,578557
580164,582381
580165,582946
580166,579072
580173,580729
580174,581266
580175,579622
580176,582959
580177,585661
580719,582379
580720,581252
580721,582383
580722,580721
580728,581830
580729,588578
580730,579086
581251,581252
581252,582381
581253,582946
581263,584077
581264,586241
581265,582957
581266,581831
581267,583521
581268,580175
581269,588070
581270,585664
581271,586245
581830,589598
581831,582401
581832,582958
581833,583522
581834,581268
581835,582404
582379,587515
582380,586915
582381,584614
582382,584615
582383,584615
582384,577437
582385,586238
582399,586242
582400,582957
582401,583518
582402,581268
582403,582404
582404,583523
582945,582379
582946,589584
582947,579070
582957,583518
582958,583519
582959,583523
582960,588072
582961,585662
582962,586245
583506,585116
583507,582948
583518,585128
583519,585128
583520,582958
583521,583520
583522,583521
583523,584624
583524,584080
584069,585116
584070,584614
584071,578562
584078,588070
584079,585662
584080,585665
584081,585665
584613,582380
584614,585118
584615,588055
584616,586235
584617,582948
584623,583519
584624,586936
585116,586233
585117,585118
585118,586916
585119,589073
585120,582384
585126,584077
585127,586933
585128,586934
585129,583520
585130,584624
585131,585661
585652,586233
585653,586238
585654,594494
585656,585126
585657,586242
585658,586934
585659,583522
585660,591775
585661,588071
585662,588581
585663,585664
585664,586938
585665,588073
586233,586915
586234,586918
586235,586919
586236,586919
586237,585120
586238,590122
586241,585126
586242,587532
586243,590132
586244,592318
586245,588074
586915,587515
586916,586917
586917,586918
586918,588055
586919,589585
586920,586237
586921,586237
586922,582384
586933,586241
586934,588068
586935,586934
586936,589601
586937,586938
586938,587534
586939,588074
587514,587515
587515,589582
587516,589582
587517,582380
587518,586916
587519,588055
587520,587521
587521,586920
587530,586933
587531,590130
587532,588067
587533,587534
587534,588073
588054,586917
588055,590121
588056,589586
588067,588578
588068,587532
588069,591206
588070,588071
588071,588072
588072,588581
588073,592324
588074,589602
588568,590121
588569,589586
588570,587521
588571,586920
588575,587530
588576,588575
588577,588576
588578,589598
588579,588068
588580,590132
588581,592817
588582,589602
589072,589073
589073,589584
589074,585120
589582,591761
589583,591763
589584,592309
589585,592309
589586,589585
589595,589079
589596,590649
589597,590131
589598,590131
589599,590650
589600,592319
589601,588070
589602,592324
590120,591761
590121,593329
590122,593331
590129,588575
590130,591773
590131,590130
590132,590650
590133,596799
590134,589601
590135,592818
590642,591763
590643,590644
590644,590122
590649,588576
590650,591206
591194,591761
591195,590643
591202,591773
591203,591202
591204,591203
591205,592316
591206,592815
591207,596801
591208,595641
591761,592807
591762,599473
591763,597877
591764,596168
591772,590649
591773,591772
591774,591202
591775,592317
591776,593341
591777,592819
592305,592807
592306,592808
592307,592808
592308,594491
592309,596170
592314,591772
592315,591204
592316,592315
592317,592815
592318,591775
592319,592318
592320,592319
592321,597894
592322,592817
592323,592818
592324,592819
592807,596167
592808,593329
592809,590643
592813,591204
592814,597891
592815,593901
592816,592319
592817,593341
592818,592819
592819,595641
593328,597876
593329,593890
593330,596170
593331,594493
593332,595635
593338,589079
593339,593900
593340,596799
593341,597894
593888,594490
593889,593890
593890,594491
593891,590644
593892,593331
593899,597892
593900,597892
593901,593900
593902,592317
593903,600002
594489,594490
594490,596167
594491,596168
594492,594493
594493,594494
594494,595071
594495,595071
594499,593338
594500,593338
594501,592314
594502,591773
595068,596170
595069,598915
595070,597339
595071,595635
595076,592316
595077,596801
595078,596178
595635,596795
595638,587530
595639,597893
595640,606016
595641,596178
596167,597876
596168,599475
596169,597878
596170,597879
596171,596797
596176,591203
596177,596801
596178,598394
596789,608206
596790,597877
596791,598383
596792,604299
596793,597881
596794,598384
596795,596796
596796,596797
596797,598386
596799,597893
596800,602088
596801,607654
596802,598394
597336,598383
597337,597881
597338,604307
597339,601547
597340,596795
597341,598387
597345,594502
597346,593901
597876,599472
597877,605510
597878,597879
597879,599477
597880,598915
597881,598384
597882,597339
597890,594502
597891,600539
597892,597891
597893,607103
597894,600002
598381,597876
598382,599472
598383,603695
598384,604300
598385,598386
598386,598387
598389,598390
598390,592314
598391,598390
598392,592315
598393,603158
598394,602089
598914,599473
598915,599477
598916,595071
598927,599486
599472,602078
599474,603694
599475,599476
599476,599992
599477,602080
599478,596796
599483,602629
599484,600539
599485,601558
599486,600002
599487,599486
599992,597878
599993,602080
599994,604300
600000,607644
600001,601556
600002,602088
600003,608219
600004,608219
600005,611860
600534,606006
600535,599476
600536,601052
600539,601556
601051,601052
601052,601547
601058,601553
601059,606013
601060,602628
601545,602078
601546,599475
601547,603697
601554,601553
601555,602628
601556,603156
601557,601558
601558,604328
601559,602089
602079,601546
602080,603147
602081,604303
602085,603155
602086,602629
602087,603157
602088,603159
602089,607657
602622,608206
602623,603147
602627,603155
602628,604319
602629,603156
602630,608214
602631,603158
602632,611326
602633,606017
603146,601546
603147,604947
603148,604947
603149,603698
603150,606561
603155,604319
603156,604323
603157,604326
603158,604328
603159,604330
603160,603159
603161,604966
603162,604966
603694,603146
603695,606557
603696,604305
603697,603698
603698,603699
603699,603150
603700,603150
603701,604955
603708,603157
604296,604945
604297,604945
604298,599992
604299,603695
604300,604299
604301,604950
604302,604951
604303,604302
604304,604303
604305,604303
604306,604305
604307,604306
604308,604307
604309,606009
604310,603699
604311,604955
604317,607101
604318,607644
604319,604965
604320,604965
604321,605519
604322,604323
604323,605521
604324,607647
604325,606567
604326,607102
604327,604326
604328,607650
604329,606014
604330,604329
604331,604330
604332,604967
604333,604967
604945,609778
604946,605510
604947,606557
604948,603695
604949,604300
604950,604949
604951,604950
604952,604307
604953,604952
604954,604953
604955,606010
604963,606013
604964,606566
604965,605519
604966,607104
604967,606016
605510,606006
605511,603694
605512,604951
605513,604953
605514,604310
605518,608212
605519,606566
605520,605521
605521,607647
605522,606567
605523,607103
605524,606568
606005,611314
606006,608207
606007,603146
606008,604949
606009,603697
606013,607101
606014,606568
606015,606014
606016,607104
606017,607657
606018,606017
606555,606007
606556,607640
606557,607640
606558,604302
606559,604306
606560,606009
606561,607096
606564,609262
606565,606566
606566,608764
606567,607102
606568,608218
606569,604329
606570,607652
606571,609266
607094,616287
607095,605514
607096,606010
607101,610299
607102,608766
607103,607650
607104,607653
607105,608768
607638,606007
607639,608758
607640,609255
607641,604952
607642,607096
607644,610299
607645,608212
607646,608764
607647,608765
607648,608214
607649,608217
607650,608217
607651,608218
607652,607653
607653,607654
607654,607655
607655,610306
607656,608768
607657,609266
608206,609777
608207,609778
608208,608758
608212,609262
608213,608765
608214,609263
608215,608766
608216,608215
608217,611324
608218,610799
608219,610307
608757,609777
608758,615136
608759,609255
608760,605514
608761,606561
608762,611320
608763,609786
608764,611322
608765,609263
608766,611323
608767,608215
608768,611326
609254,608207
609255,615137
609261,610300
609262,609786
609263,610302
609264,607652
609265,611859
609266,609788
609267,609788
609268,616834
609776,615713
609777,611314
609778,611845
609779,609254
609780,611846
609781,604310
609786,610300
609787,610302
609788,611860
610293,616280
610294,613535
610298,611320
610299,611320
610300,614055
610301,614056
610302,613542
610303,610302
610304,610799
610305,610306
610306,610307
610307,612432
610789,612413
610790,609254
610791,612983
610792,611847
610793,610792
610797,611322
610798,611323
610799,611324
610800,610799
610801,610800
611314,611845
611315,609779
611316,610792
611317,611848
611320,616829
611321,611320
611322,614613
611323,620077
611324,615722
611325,607655
611326,612432
611845,612413
611846,613532
611847,611846
611848,611316
611858,607653
611859,612433
611860,612433
612413,616283
612414,611847
612415,611316
612416,611848
612428,614056
612429,613542
612430,612429
612431,610800
612432,611859
612433,618382
612982,612983
612983,614048
612984,613532
612985,613535
612986,615717
612988,621135
613531,611845
613532,615137
613533,613532
613534,613533
613535,615717
613536,613537
613537,613538
613541,614057
613542,616830
613543,612429
613544,613543
613545,616831
614048,614607
614049,614050
614050,613537
614051,617341
614054,614055
614055,615147
614056,614057
614057,618956
614058,615148
614059,614613
614060,613543
614061,616831
614062,614061
614063,615722
614605,609779
614606,614607
614607,615714
614608,615716
614609,614050
614610,616292
614611,616292
614612,615147
614613,615148
614614,614061
614615,617351
614616,616833
615134,615713
615135,616285
615136,616819
615137,616287
615138,613533
615139,615716
615140,616823
615141,614609
615144,616289
615146,617346
615147,615721
615148,616294
615149,616294
615150,616830
615712,617334
615713,616280
615714,615715
615715,615136
615716,616822
615717,619495
615718,615142
615719,619499
615720,615721
615721,618376
615722,617351
615723,616834
616280,617334
616281,618942
616282,618366
616283,618942
616284,616283
616285,614048
616286,615715
616287,617337
616288,617340
616289,614051
616292,616829
616293,616292
616294,617882
616295,616833
616815,616816
616816,615714
616817,616286
616818,616819
616819,617866
616820,617337
616821,616822
616822,616823
616823,620602
616824,614609
616825,615718
616827,616289
616829,617347
616830,620077
616831,621134
616832,617885
616833,617886
616834,618382
616835,621138
617334,617861
617335,617861
617336,616285
617337,617866
617338,620066
617339,613538
617341,617340
617342,617872
617343,617344
617344,617876
617346,620073
617347,617346
617348,617347
617349,618377
617350,617885
617351,617885
617352,625720
617353,622213
617861,622205
617862,618366
617863,616284
617864,617863
617865,620599
617866,620601
617867,620603
617868,617869
617869,616824
617872,617341
617873,617872
617874,618371
617875,616828
617879,619499
617880,617348
617881,621664
617882,618377
617883,617882
617884,627810
617885,617886
617886,620610
618366,618942
618367,617863
618368,619496
618369,615718
618370,617871
618371,617873
618372,616828
618374,617348
618375,618376
618376,619500
618377,624089
618378,620608
618379,619504
618380,621136
618381,622780
618382,618959
618942,624078
618943,620599
618944,616286
618945,619494
618946,619494
618947,616824
618948,615142
618949,618371
618950,618374
618951,618950
618952,618950
618953,619501
618954,621127
618955,618956
618956,619503
618957,620609
618958,618959
618959,620080
619494,620065
619495,620603
619496,619495
619497,619496
619498,618947
619499,620073
619500,619501
619501,621663
619502,619503
619503,624089
619504,620609
619505,619504
619506,621136
619507,620080
619508,621138
620060,622205
620061,616284
620062,623440
620063,621655
620064,616816
620065,623442
620066,620065
620067,620066
620068,620602
620069,623444
620070,618369
620071,617873
620072,617344
620074,620606
620075,621663
620076,620608
620077,621133
620078,621133
620079,620610
620080,621667
620598,621119
620599,621655
620600,620601
620601,626196
620602,621657
620603,622769
620604,618369
620605,620070
620606,620073
620607,621127
620608,621130
620609,621134
620610,621135
621119,628378
621120,627208
621121,619495
621122,619498
621123,619498
621124,620070
621125,618374
621126,621125
621127,621664
621128,620608
621129,621130
621130,622209
621131,622209
621132,621665
621133,621665
621134,623453
621135,622211
621136,622213
621137,622781
621138,621667
621655,623440
621656,622207
621657,624634
621658,621124
621659,617871
621660,623449
621661,620606
621662,621125
621663,622773
621664,622773
621665,622774
621666,622781
621667,622782
622205,627799
622206,622207
622207,621657
622208,619496
622209,622774
622210,623453
622211,623455
622212,624649
622213,622780
622766,624078
622767,625714
622768,624079
622769,623444
622770,621658
622772,622773
622773,623451
622774,625719
622775,624090
622776,627810
622777,624647
622778,628390
622779,625720
622780,625169
622781,625169
622782,625721
622783,622782
622784,628939
623440,627208
623441,624079
623442,623441
623443,623442
623444,624081
623445,622770
623446,621658
623447,621659
623448,623449
623449,617876
623450,623451
623451,624643
623452,624645
623453,624090
623454,623455
623455,624649
624078,627799
624079,626197
624080,623441
624081,624634
624082,624081
624083,621124
624084,622770
624085,621659
624086,624085
624087,630578
624088,621661
624089,627217
624090,626204
624630,621119
624631,626194
624632,625714
624633,627804
624634,626691
624635,622769
624636,622769
624637,624085
624638,624637
624639,624638
624640,624639
624641,622771
624642,625166
624643,627217
624644,624645
624645,625719
624646,624647
624647,624648
624648,622211
624649,627221
624650,625721
625163,625714
625164,622770
625165,624088
625166,621661
625167,619500
625168,632659
625169,627222
625713,626194
625714,626196
625715,622771
625716,625166
625717,625166
625718,628388
625719,626204
625720,627812
625721,628938
626192,628378
626193,636393
626194,627803
626195,626194
626196,626197
626197,630027
626198,624636
626199,617869
626200,617876
626201,617876
626202,628387
626203,628387
626204,627807
626205,627812
626690,627800
626691,627209
626692,626691
626693,624636
626694,626198
626695,624643
626696,627220
626697,629499
626698,627222
627208,627803
627209,629491
627210,618947
627211,625164
627212,624639
627213,627212
627214,628929
627215,628929
627216,626200
627217,628388
627218,633207
627219,624648
627220,627221
627221,628390
627222,627815
627223,627815
627799,628922
627800,628922
627801,627800
627802,627801
627803,630024
627804,631082
627805,617871
627806,627807
627807,628389
627808,628389
627809,631093
627810,631093
627811,627220
627812,630589
627813,629499
627814,628391
627815,628391
628378,629488
628379,627801
628380,626198
628381,627211
628382,627212
628384,625716
628385,628384
628386,628385
628387,628930
628388,630587
628389,628933
628390,630589
628391,630590
628392,628939
628393,630591
628922,629488
628923,628380
628924,628923
628925,629493
628926,625164
628927,624638
628928,628382
628929,630578
628930,629496
628931,628930
628932,635856
628933,632654
628934,628933
628935,628936
628936,627219
628937,628938
628938,628939
628939,631636
629488,632647
629489,630024
629490,630026
629491,627804
629492,629493
629493,630030
629494,628927
629495,628382
629496,628385
629497,630034
629498,628936
629499,633211
629500,630590
629501,634807
630024,631624
630025,630026
630026,630027
630027,631082
630028,628380
630029,630030
630030,630031
630031,627211
630032,628383
630033,630034
630034,630585
630035,631091
630036,633207
630037,630591
630573,633195
630574,631624
630575,631082
630576,628923
630577,624637
630578,631629
630579,631630
630580,630032
630581,628384
630582,629496
630583,631634
630584,630585
630585,631090
630586,630587
630587,633203
630588,627219
630589,632170
630590,632660
630591,634808
631081,632647
631082,634790
631083,627209
631084,631627
631085,628927
631086,631629
631087,631630
631088,625716
631089,631090
631090,631091
631091,633202
631092,630586
631093,632658
631094,633211
631095,634264
631096,632172
631097,633751
631098,631636
631624,635323
631625,636928
631626,631625
631627,630576
631628,632651
631629,632651
631630,635329
631631,626200
631632,629496
631633,631634
631634,633747
631635,630588
631636,633753
632158,636925
632159,641380
632160,632159
632161,637476
632162,631626
632163,630577
632164,631085
632165,630032
632166,630586
632167,632654
632168,630588
632169,632170
632170,634262
632171,634262
632172,632660
632646,639674
632647,633195
632648,632159
632649,629491
632650,631085
632651,635327
632652,632165
632653,633747
632654,635857
632655,633205
632656,633206
632657,633208
632658,632657
632659,632658
632660,634264
633195,638060
633196,634253
633197,630576
633198,631627
633199,630031
633200,636931
633201,631632
633202,632166
633203,634260
633204,634260
633205,635332
633206,633205
633207,633749
633208,633207
633209,632657
633210,632659
633211,634263
633212,633751
633213,633752
633740,638064
633741,634790
633742,633197
633743,633199
633744,634792
633745,634793
633746,633201
633747,634798
633748,633202
633749,633206
633750,633749
633751,634806
633752,633753
633753,634807
634253,634788
634254,634788
634255,633199
634256,630577
634257,631632
634258,634798
634259,634801
634260,634801
634261,634802
634262,634263
634263,636940
634264,638075
634265,633752
634787,634253
634788,635849
634789,635323
634790,638065
634791,633197
634792,635324
634793,635327
634794,634793
634795,635330
634796,632165
634797,633201
634798,636404
634799,633748
634800,633203
634801,635856
634802,635860
634803,634802
634804,636405
634805,636405
634806,632172
634807,636406
634808,636941
634809,634808
635322,636925
635323,637474
635324,637478
635325,624638
635326,638068
635327,636400
635328,635852
635329,635852
635330,635329
635331,635856
635332,635857
635333,634806
635334,634806
635335,635334
635336,636406
635849,636393
635850,629491
635851,634792
635852,636402
635853,635330
635854,636404
635855,632166
635856,640791
635857,637483
635858,633208
635859,635858
635860,635859
635861,635860
635862,635334
636392,635849
636393,638061
636394,637474
636395,638062
636396,631625
636397,633743
636398,637478
636399,636931
636400,639180
636401,636400
636402,641386
636403,636932
636404,640790
636405,637485
636406,636941
636925,638060
636926,641380
636927,638065
636928,643015
636929,631626
636930,639677
636931,638068
636932,634796
636933,634796
636934,643028
636935,633748
636936,637483
636937,637483
636938,637485
636939,636940
636940,638075
636941,640793
637473,638061
637474,638638
637475,637476
637476,638062
637477,636928
637478,641385
637479,628383
637480,624088
637481,636935
637482,636935
637483,641391
637484,635332
637485,638645
637486,645770
638060,640182
638061,638638
638062,638063
638063,638064
638064,641381
638065,644137
638066,640785
638067,633743
638068,639180
638069,638070
638070,636932
638071,636932
638072,638645
638073,638074
638074,634262
638075,638646
638076,638646
638637,643571
638638,640184
638639,638063
638640,635324
638641,640787
638642,635858
638643,635859
638644,639682
638645,639188
638646,639190
638647,636406
639173,639674
639174,645750
639175,638639
639176,639677
639177,640783
639178,640784
639179,640785
639180,643025
639181,636402
639182,638070
639183,640790
639184,639681
639185,639186
639186,638645
639187,639188
639188,639189
639189,638074
639190,641963
639191,640792
639674,640182
639675,640184
639676,642463
639677,640783
639678,637480
639679,641961
639680,639681
639681,639682
639682,639186
640182,643570
640183,643571
640184,641954
640185,641954
640186,641955
640187,640784
640188,641383
640189,645758
640190,640787
640191,640788
640192,640791
640193,633207
640194,639189
640195,640196
640196,639190
640197,640792
640198,640793
640199,640793
640200,642473
640781,638639
640782,641381
640783,642463
640784,646281
640785,641383
640786,643574
640787,641958
640788,640789
640789,639182
640790,643583
640791,641391
640792,647409
640793,642473
641380,643014
641381,644137
641382,646281
641383,644691
641384,643575
641385,643579
641386,647402
641387,637479
641388,643028
641389,641390
641390,641961
641391,641961
641392,640196
641393,641963
641953,643569
641954,645753
641955,643015
641956,643574
641957,646838
641958,642469
641959,640788
641960,644697
641961,643030
641962,641392
641963,645768
641964,644703
642460,643014
642461,645750
642462,644690
642463,646280
642464,643575
642465,641385
642466,644143
642467,641958
642468,642469
642469,643025
642470,644145
642471,639182
642472,642473
642473,644703
643014,643570
643015,647974
643016,641955
643017,643016
643018,646280
643019,646837
643020,647401
643021,645756
643022,643023
643023,642465
643024,642465
643025,643580
643026,640789
643027,637479
643028,643583
643029,641390
643030,650754
643031,643030
643032,646844
643033,640194
643568,643569
643569,651303
643570,645750
643571,645215
643572,644690
643573,650214
643574,644140
643575,645218
643576,643577
643577,643023
643578,643579
643579,644143
643580,644145
643581,641386
643582,643026
643583,645765
643584,644697
643585,648542
643586,640194
643587,645226
644137,646277
644138,646278
644139,643016
644140,644691
644141,644140
644142,643577
644143,645758
644144,644692
644145,646839
644146,645764
644147,654515
644148,652402
644149,654518
644150,645768
644151,646289
644689,645215
644690,647398
644691,647400
644692,645759
644693,644692
644694,643580
644695,646839
644696,637480
644697,646287
644698,647407
644699,641392
644700,646846
644701,646289
644702,645226
644703,645770
645213,645751
645214,645215
645215,645752
645216,645753
645217,645218
645218,647978
645219,645756
645220,649118
645221,650752
645222,640789
645223,649119
645224,646842
645225,638074
645226,649676
645750,648538
645751,647395
645752,647397
645753,646833
645754,647399
645755,646837
645756,647978
645757,646283
645758,646283
645759,646838
645760,645759
645761,649118
645762,645222
645763,645764
645764,647980
645765,646287
645766,647408
645767,646845
645768,646846
645769,645770
645770,646848
646275,646834
646276,646277
646277,646278
646278,647974
646279,647975
646280,647975
646281,646837
646282,647401
646283,648540
646284,646285
646285,643026
646286,645762
646287,648542
646288,647409
646289,651872
646833,646834
646834,647398
646835,652395
646836,650749
646837,647399
646838,651307
646839,647402
646840,650753
646841,646285
646842,647981
646843,647407
646844,647408
646845,646844
646846,649675
646847,646848
646848,650225
647394,648538
647395,649113
647396,647395
647397,646833
647398,649114
647399,647976
647400,647976
647401,647977
647402,651308
647403,645222
647404,647403
647405,647981
647406,646842
647407,647406
647408,647982
647409,650757
647971,648537
647972,645752
647973,649661
647974,652395
647975,652396
647976,649116
647977,647400
647978,653419
647979,648540
647980,645765
647981,651868
647982,647406
647983,646845
647984,650760
648536,648537
648537,650746
648538,649113
648539,645751
648540,649665
648541,650215
648542,649119
648543,650220
648544,652403
648545,650223
648546,649676
649113,651857
649114,649660
649115,650214
649116,652901
649117,649665
649118,651308
649119,652908
649120,650220
649121,647982
649122,649675
649659,649660
649660,649661
649661,650213
649662,650747
649663,649116
649664,649663
649665,650215
649666,651310
649667,647403
649668,650218
649669,650218
649670,647980
649671,649673
649672,649673
649673,651314
649674,647982
649675,650223
649676,651874
650211,647397
650212,649114
650213,650747
650214,650749
650215,651307
650216,656184
650217,650753
650218,657333
650219,656185
650220,650754
650221,654518
650222,650756
650223,651870
650224,650757
650225,650760
650226,653984
650745,650746
650746,651303
650747,651858
650748,652394
650749,655073
650750,655076
650751,651309
650752,654512
650753,650752
650754,651868
650755,650756
650756,654519
650757,653430
650758,651875
650759,650225
650760,652909
651303,654508
651304,651858
651305,653980
651306,649663
651307,651862
651308,651864
651309,651864
651310,651309
651311,658388
651312,645762
651313,649667
651314,652400
651315,654516
651316,656751
651317,652403
651857,653976
651858,652394
651859,652396
651860,647977
651861,652904
651862,652906
651863,654511
651864,657883
651865,649667
651866,651867
651867,651314
651868,654517
651869,654519
651870,653429
651871,653429
651872,653430
651873,651872
651874,651873
651875,651874
651876,654520
652392,651857
652393,650213
652394,656737
652395,653416
652396,652901
652397,651862
652398,655623
652399,652400
652400,652907
652401,652402
652402,656192
652403,657890
652404,651870
652405,651873
652406,651875
652407,652909
652899,652393
652900,655072
652901,653980
652902,652903
652903,652904
652904,653419
652905,652906
652906,654511
652907,652908
652908,653424
652909,653432
653415,653416
653416,653977
653417,653977
653418,652903
653419,656741
653420,655623
653421,658925
653422,652907
653423,653424
653424,654515
653425,655079
653426,654517
653427,656753
653428,656192
653429,658401
653430,657339
653431,653432
653432,653983
653433,653984
653974,660250
653975,660250
653976,654508
653977,655070
653978,655073
653979,655622
653980,660259
653981,654512
653982,655627
653983,656198
653984,656198
654506,658380
654507,654508
654508,657873
654509,653976
654510,655071
654511,659552
654512,656184
654513,665414
654514,651867
654515,654516
654516,655078
654517,656752
654518,656192
654519,655635
654520,656759
655070,656737
655071,655070
655072,655071
655073,655619
655074,660261
655075,655076
655076,660263
655077,655628
655078,655079
655079,656185
655080,657337
655081,656755
655082,658399
655083,655635
655084,657338
655619,655072
655620,655619
655621,655620
655622,655621
655623,657883
655624,658385
655625,658387
655626,655627
655627,655628
655628,656748
655629,654514
655630,654514
655631,656752
655632,656188
655633,655081
655634,660862
655635,657892
655636,654520
656179,657331
656180,652393
656181,655621
656182,656741
656183,656744
656184,656183
656185,656751
656186,658395
656187,657336
656188,656753
656189,656188
656190,656189
656191,657337
656192,656755
656193,655081
656194,657890
656195,657338
656196,657339
656197,653983
656198,656759
656199,657893
656735,658380
656736,657331
656737,658382
656738,655622
656739,656738
656740,663708
656741,661439
656742,657881
656743,657881
656744,651310
656745,656183
656746,658388
656747,656748
656748,657333
656749,657334
656750,657335
656751,657335
656752,657336
656753,663712
656754,657889
656755,658928
656756,657891
656757,657892
656758,658401
656759,657893
657330,657873
657331,658917
657332,662018
657333,657334
657334,658389
657335,658393
657336,657888
657337,657889
657338,658400
657339,659559
657340,661451
657873,665408
657874,658917
657875,658382
657876,655620
657877,656738
657878,657877
657879,660260
657880,665960
657881,659552
657882,658384
657883,658384
657884,656745
657885,658387
657886,658389
657887,657888
657888,660270
657889,664818
657890,657891
657891,658399
657892,658400
657893,660273
658380,659544
658381,659546
658382,659549
658383,657877
658384,660265
658385,660265
658386,656745
658387,658386
658388,658925
658389,660859
658390,660860
658391,655078
658392,658393
658393,658394
658394,658395
658395,662020
658396,663712
658397,656189
658398,658928
658399,660865
658400,661448
658401,660866
658402,661452
658915,659544
658916,660251
658917,664796
658918,660255
658919,659548
658920,659549
658921,660261
658922,658385
658923,658386
658924,658923
658925,665964
658926,664257
658927,660861
658928,663714
658929,659559
658930,660273
659543,661433
659544,660251
659545,660846
659546,660846
659547,660253
659548,660256
659549,660850
659550,660854
659551,660264
659552,660264
659553,661443
659554,660860
659555,660270
659556,660863
659557,660865
659558,661448
659559,661449
660250,662572
660251,660845
660252,660845
660253,659546
660254,660255
660255,660848
660256,660850
660257,660258
660258,660259
660259,660260
660260,663703
660261,665959
660262,660263
660263,660855
660264,660856
660265,665962
660266,656744
660267,660859
660268,665418
660269,658394
660270,663151
660271,660861
660272,660866
660273,662026
660845,664794
660846,661434
660847,673468
660848,659548
660849,660256
660850,663148
660851,660258
660852,663704
660853,665410
660854,661439
660855,660856
660856,662575
660857,658923
660858,664257
660859,660860
660860,662577
660861,664816
660862,668683
660863,660862
660864,660863
660865,661447
660866,665424
660867,661450
660868,662585
660869,662025
661432,661433
661433,664251
661434,663698
661435,661434
661436,660253
661437,660848
661438,664800
661439,665961
661440,660854
661441,660855
661442,662575
661443,662018
661444,661443
661445,660269
661446,662020
661447,664819
661448,662582
661449,665424
661450,661449
661451,661450
661452,661451
662015,662572
662016,661436
662017,664804
662018,665414
662019,662577
662020,663711
662021,661447
662022,661451
662023,662024
662024,662025
662025,662026
662026,663155
662572,663696
662573,661436
662574,663148
662575,667037
662576,667558
662577,664258
662578,660269
662579,663151
662580,663714
662581,662582
662582,666513
662583,661452
662584,662585
662585,663154
662586,662024
662587,663155
663145,663696
663146,664798
663147,663701
663148,664799
663149,663708
663150,662578
663151,664260
663152,665971
663153,663154
663154,662023
663155,666517
663696,664251
663697,664795
663698,664798
663699,663698
663700,664252
663701,664252
663702,663701
663703,665958
663704,663703
663705,663704
663706,663705
663707,665410
663708,664804
663709,664258
663710,662578
663711,665420
663712,665970
663713,664818
663714,666511
664251,668664
664252,676661
664253,666499
664254,664799
664255,664800
664256,665962
664257,665967
664258,665418
664259,663710
664260,665420
664261,670867
664262,666512
664263,666512
664264,664819
664794,668664
664795,664794
664796,665408
664797,664796
664798,664797
664799,666499
664800,670297
664801,663705
664802,666502
664803,667034
664804,665961
664805,667035
664806,666505
664807,670304
664808,664809
664809,664810
664810,664811
664811,665968
664812,667562
664813,663711
664814,664260
664815,665970
664816,665971
664817,664816
664818,668137
664819,665973
664820,666513
664821,662023
665408,664795
665409,665958
665410,667034
665411,667035
665412,665963
665413,665966
665414,665966
665415,665967
665416,664811
665417,664810
665418,665968
665419,664813
665420,667563
665421,666510
665422,666511
665423,665974
665424,667046
665425,671959
665957,671942
665958,668128
665959,666502
665960,665959
665961,671944
665962,667558
665963,666506
665964,665963
665965,665964
665966,668132
665967,668135
665968,667039
665969,667562
665970,667045
665971,668680
665972,665973
665973,665974
665974,667565
665975,665424
665976,667567
666497,664797
666498,677789
666499,669771
666500,668126
666501,667033
666502,667033
666503,665960
666504,667037
666505,668131
666506,668677
666507,666506
666508,667039
666509,664813
666510,667045
666511,669259
666512,669784
666513,667046
666514,667049
666515,666516
666516,666517
666517,667567
667030,668667
667031,667553
667032,667553
667033,673470
667034,670857
667035,667557
667036,667557
667037,670301
667038,668131
667039,668136
667040,663710
667041,666509
667042,667043
667043,667563
667044,666510
667045,672460
667046,667565
667047,667046
667048,668686
667049,668686
667050,667049
667051,671959
667550,669250
667551,668122
667552,671942
667553,668123
667554,668126
667555,668128
667556,669774
667557,670300
667558,668675
667559,666505
667560,668132
667561,664809
667562,668136
667563,667044
667564,667044
667565,670868
667566,665975
667567,670315
668122,669252
668123,678445
668124,668669
668125,669772
668126,669772
668127,668673
668128,668673
668129,672948
668130,669257
668131,668676
668132,671949
668133,673988
668134,668135
668135,671387
668136,670864
668137,668681
668138,680074
668139,665975
668663,669250
668664,668663
668665,668666
668666,668667
668667,668668
668668,669771
668669,668123
668670,668669
668671,668670
668672,669773
668673,669773
668674,669773
668675,669257
668676,668675
668677,670304
668678,668677
668679,667043
668680,672460
668681,669258
668682,668137
668683,671956
668684,668683
668685,670312
668686,669785
668687,666516
669250,669768
669251,670856
669252,670856
669253,669252
669254,673468
669255,668666
669256,670297
669257,669777
669258,668680
669259,677200
669260,669259
669261,670866
669262,669784
669263,669785
669769,669253
669770,676661
669771,670297
669772,675612
669773,675613
669774,670858
669775,669774
669776,670301
669777,670860
669778,669777
669779,668676
669780,670305
669781,670863
669782,669258
669783,668681
669784,670311
669785,672463
669786,670870
670293,669768
670294,668122
670295,675610
670296,668668
670297,676119
670298,668670
670299,670298
670300,670860
670301,670860
670302,669779
670303,672949
670304,671385
670305,670862
670306,671387
670307,673481
670308,672460
670309,670867
670310,670311
670311,670312
670312,672461
670313,670868
670314,674520
670315,670870
670855,670293
670856,668663
670857,673984
670858,670857
670859,670300
670860,672454
670861,670305
670862,671948
670863,670864
670864,671952
670865,671388
670866,671956
670867,670866
670868,673484
670869,673487
670870,673490
671381,670298
671382,670858
671383,671382
671384,671944
671385,672950
671386,671387
671387,672955
671388,671952
671389,671388
671390,667563
671391,670315
671942,670294
671943,671382
671944,673985
671945,672454
671946,671385
671947,671948
671948,671949
671949,673478
671950,673989
671951,670863
671952,676669
671953,671954
671954,671390
671955,671390
671956,673992
671957,672461
671958,675088
671959,673490
671960,679042
672450,669253
672451,675613
672452,672948
672453,671943
672454,673986
672455,673478
672456,666509
672457,672458
672458,671954
672459,671955
672460,673991
672461,673484
672462,672960
672463,672960
672464,672463
672946,672449
672947,672449
672948,673470
672949,674512
672950,672949
672951,670862
672952,673988
672953,673989
672954,672955
672955,673480
672956,672458
672957,673991
672958,677199
672959,673994
672960,673485
672961,673488
673467,670293
673468,678439
673469,675612
673470,679535
673471,673984
673472,670857
673473,671943
673474,673985
673475,675616
673476,677192
673477,673986
673478,673987
673479,673480
673480,673481
673481,675621
673482,675083
673483,673992
673484,680074
673485,673994
673486,672464
673487,673486
673488,673489
673489,673490
673490,675626
673983,673467
673984,678447
673985,675616
673986,679538
673987,676125
673988,673987
673989,677798
673990,678455
673991,675083
673992,674517
673993,674520
673994,677811
673995,672464
673996,673489
674506,673467
674507,677789
674508,677794
674509,676119
674510,679029
674511,675619
674512,675619
674513,674512
674514,676669
674515,678456
674516,671955
674517,676672
674518,674517
674519,679550
674520,678460
674521,673487
674522,674521
674523,675626
675075,673983
675076,675610
675077,676666
675078,676666
675079,672950
675080,675079
675081,678455
675082,679546
675083,676671
675084,677806
675085,679551
675086,673485
675087,673995
675088,674521
675089,675625
675090,675625
675091,675092
675092,673488
675093,680077
675094,680619
675610,677791
675611,678445
675612,676668
675613,676668
675614,678448
675615,675614
675616,677192
675617,669779
675618,674512
675619,679540
675620,675621
675621,677800
675622,679544
675623,677809
675624,675088
675625,675624
675626,676677
675627,676677
676115,674506
676116,670294
676117,677188
676118,676662
676119,678443
676120,675614
676121,677191
676122,677191
676123,675079
676124,676123
676125,677797
676126,677201
676127,675624
676128,676127
676129,676676
676661,677790
676662,677189
676663,676662
676664,677794
676665,678445
676666,679027
676667,679534
676668,681149
676669,678456
676670,676671
676671,677198
676672,677202
676673,676128
676674,676128
676675,676676
676676,679557
676677,679042
676678,678468
677187,673983
677188,677789
677189,677791
677190,677189
677191,678450
677192,680068
677193,676125
677194,677797
677195,677798
677196,677800
677197,679545
677198,677199
677199,679548
677200,677806
677201,677200
677202,677201
677203,677202
677204,676672
677205,677809
677206,675092
677207,676675
677789,679529
677790,678439
677791,680594
677792,679024
677793,678441
677794,678443
677795,680599
677796,678450
677797,679031
677798,679031
677799,683944
677800,678454
677801,679034
677802,677803
677803,676670
677804,676670
677805,679036
677806,679037
677807,677203
677808,679549
677809,679551
677810,678460
677811,678461
677812,675086
677813,676127
677814,678468
678439,679529
678440,677790
678441,678442
678442,679532
678443,679026
678444,679026
678445,679027
678446,679029
678447,680066
678448,678447
678449,678448
678450,681151
678451,679538
678452,676123
678453,678454
678454,679542
678455,679542
678456,679545
678457,677803
678458,677199
678459,679550
678460,679039
678461,679040
678462,678461
678463,675086
678464,673995
678465,678464
678466,673486
678467,676675
678468,680077
679024,680064
679025,678442
679026,679532
679027,681148
679028,681701
679029,679535
679030,677192
679031,680607
679032,679546
679033,680609
679034,678457
679035,678458
679036,679548
679037,679036
679038,679550
679039,681716
679040,678460
679041,678464
679042,679557
679527,674506
679528,677188
679529,680062
679530,680062
679531,679024
679532,684472
679533,679534
679534,680599
679535,680066
679536,681151
679537,681152
679538,680069
679539,679538
679540,680070
679541,688366
679542,681709
679543,679544
679544,680608
679545,680071
679546,680072
679547,677198
679548,681158
679549,682280
679550,679549
679551,680615
679552,679039
679553,677811
679554,677812
679555,675624
679556,681164
679557,682285
679558,682286
680061,679527
680062,684470
680063,680594
680064,678441
680065,681701
680066,681150
680067,680068
680068,682856
680069,681152
680070,684999
680071,680608
680072,680071
680073,680615
680074,681716
680075,681717
680076,680617
680077,680619
680593,680061
680594,681147
680595,681147
680596,680064
680597,680064
680598,681148
680599,683398
680600,681149
680601,681150
680602,681150
680603,682856
680604,679540
680605,681706
680606,680607
680607,682859
680608,682861
680609,680072
680610,680609
680611,680610
680612,677203
680613,681159
680614,681159
680615,682281
680616,679040
680617,681718
680618,680617
680619,682285
681146,680593
681147,684993
681148,684472
681149,683399
681150,684997
681151,684998
681152,683402
681153,680069
681154,681709
681155,681712
681156,679034
681157,681158
681158,685004
681159,685570
681160,679553
681161,679553
681162,677812
681163,679555
681164,679555
681165,682286
681700,679527
681701,683396
681702,682273
681703,683940
681704,682854
681705,687831
681706,680070
681707,681706
681708,683944
681709,691661
681710,680610
681711,681712
681712,681156
681713,681156
681714,682280
681715,682281
681716,683949
681717,679554
681718,681164
681719,673488
681720,682867
682272,680061
682273,683396
682274,682851
682275,682854
682276,681710
682277,681711
682278,681713
682279,679037
682280,683408
682281,687268
682282,679554
682283,681163
682284,681718
682285,682868
682286,683414
682847,684469
682848,680596
682849,682273
682850,682851
682851,682852
682852,683398
682853,683941
682854,684998
682855,683402
682856,683402
682857,688364
682858,682859
682859,685001
682860,685566
682861,686678
682862,682861
682863,680609
682864,681710
682865,683949
682866,683411
682867,683412
682868,683413
683395,684993
683396,684995
683397,682852
683398,683399
683399,685562
683400,685563
683401,683402
683402,686069
683403,683942
683404,684999
683405,678458
683406,685004
683407,682279
683408,688369
683409,683408
683410,681717
683411,682867
683412,682868
683413,683414
683414,683951
683935,682847
683936,682847
683937,684470
683938,680596
683939,684997
683940,686673
683941,683940
683942,687831
683943,683942
683944,685001
683945,682279
683946,683408
683947,683409
683948,685570
683949,688925
683950,681720
684468,680593
684469,684470
684470,687822
684471,686065
684472,684995
684473,683941
684474,686069
684475,686675
684476,685566
684477,677804
684478,683409
684479,687837
684992,684469
684993,685560
684994,685560
684995,686066
684996,685562
684997,685563
684998,687827
684999,688918
685000,690596
685001,686676
685002,681711
685003,681713
685004,686681
685005,687270
685006,681163
685007,685006
685008,681720
685559,686668
685560,690587
685561,691127
685562,686068
685563,686068
685564,687260
685565,686675
685566,686676
685567,693872
685568,688920
685569,684477
685570,686684
685571,685006
686062,686668
686063,690588
686064,694908
686065,691125
686066,690052
686067,690052
686068,686672
686069,689482
686070,686675
686071,685566
686072,677804
686073,686074
686074,686681
686075,686685
686076,686688
686077,685571
686078,685571
686668,683936
686669,689479
686670,686065
686671,686066
686672,688914
686673,687259
686674,686673
686675,690596
686676,688365
686677,688366
686678,688920
686679,688367
686680,686074
686681,691664
686682,687835
686683,687835
686684,686685
686685,688373
686686,687268
686687,688927
686688,688929
686689,686688
686690,683413
687256,688352
687257,687256
687258,683936
687259,687824
687260,687259
687261,687827
687262,688915
687263,688365
687264,688920
687265,687833
687266,684477
687267,686684
687268,687837
687269,688926
687270,688928
687271,687270
687272,688374
687273,685571
687274,687273
687821,684991
687822,688355
687823,689481
687824,686672
687825,687826
687826,688361
687827,688361
687828,688915
687829,688916
687830,688917
687831,688917
687832,689483
687833,686678
687834,688367
687835,692224
687836,688370
687837,688373
687838,688374
688350,684991
688351,688350
688352,688911
688353,687256
688354,687822
688355,689479
688356,690052
688357,692786
688358,688914
688359,687824
688360,687826
688361,688915
688362,688916
688363,688918
688364,688365
688365,691130
688366,693871
688367,688922
688368,678457
688369,691135
688370,688923
688371,688370
688372,688373
688373,689485
688374,688929
688375,687273
688910,688350
688911,688351
688912,688352
688913,688912
688914,692790
688915,690591
688916,689482
688917,690055
688918,689483
688919,690596
688920,689484
688921,687833
688922,688921
688923,688369
688924,688923
688925,689485
688926,688925
688927,688926
688928,688927
688929,689490
688930,683411
689477,690585
689478,690585
689479,690587
689480,689481
689481,691125
689482,691656
689483,690056
689484,690597
689485,694380
689486,688927
689487,688928
689488,689487
689489,689488
689490,690059
689491,689490
689492,683951
690049,688910
690050,688912
690051,690588
690052,692786
690053,688359
690054,690591
690055,690592
690056,692219
690057,689484
690058,688928
690059,689488
690585,692781
690586,688355
690587,691123
690588,691124
690589,691652
690590,690591
690591,691129
690592,691656
690593,690592
690594,690055
690595,690056
690596,694911
690597,691661
690598,688922
690599,690598
690600,691663
690601,692225
690602,690058
691119,688910
691120,688911
691121,692783
691122,691123
691123,691124
691124,691652
691125,693360
691126,691127
691127,692789
691128,691129
691129,692215
691130,693367
691131,694917
691132,690597
691133,690598
691134,691663
691135,692801
691650,690049
691651,694906
691652,694908
691653,691654
691654,691125
691655,692791
691656,696613
691657,692795
691658,691659
691659,688364
691660,694917
691661,694375
691662,688921
691663,692222
691664,692224
691665,691135
691666,691665
691667,692225
691668,683412
692210,692781
692211,691124
692212,696606
692213,693863
692214,692215
692215,692794
692216,696613
692217,697259
692218,692219
692219,692795
692220,693365
692221,686072
692222,692223
692223,691664
692224,692801
692225,699002
692226,693880
692780,688351
692781,694906
692782,692783
692783,694370
692784,692785
692785,691654
692786,694372
692787,693361
692788,693361
692789,694373
692790,692789
692791,692790
692792,692791
692793,688359
692794,693363
692795,693365
692796,692797
692797,691130
692798,686072
692799,692222
692800,692223
692801,694377
692802,693372
692803,693373
693358,691650
693359,692785
693360,694371
693361,693863
693362,693363
693363,693867
693364,693867
693365,695465
693366,692797
693367,693870
693368,693369
693369,692799
693370,691665
693371,690058
693372,694921
693373,693372
693374,693880
693861,691650
693862,694371
693863,695464
693864,696016
693865,687260
693866,692794
693867,698419
693868,694912
693869,693870
693870,693871
693871,693872
693872,695469
693873,694918
693874,693369
693875,694381
693876,690059
693877,693373
693878,693877
693879,695476
693880,694384
694369,694370
694370,697248
694371,694372
694372,696609
694373,697252
694374,696021
694375,694918
694376,692799
694377,696022
694378,699003
694379,700641
694380,696023
694381,694380
694382,689487
694383,693877
694384,695477
694906,696605
694907,696605
694908,696014
694909,693360
694910,695465
694911,697261
694912,694911
694913,694912
694914,694913
694915,693366
694916,695468
694917,697264
694918,698421
694919,699001
694920,693876
694921,693876
694922,694383
694923,694383
695462,697248
695463,694909
695464,694373
695465,701173
695466,691659
695467,693367
695468,695469
695469,696021
695470,696022
695471,696023
695472,694381
695473,694923
695474,695473
695475,695474
695476,695475
695477,695476
695478,694384
695479,700644
696013,696014
696014,696606
696015,700634
696016,697254
696017,696614
696018,696614
696019,696615
696020,697259
696021,697263
696022,699517
696023,700642
696024,694921
696025,695474
696605,697871
696606,698993
696607,702259
696608,694909
696609,697874
696610,697253
696611,696016
696612,702262
696613,697256
696614,697256
696615,698996
696616,695468
696617,698422
696618,703889
696619,694376
696620,696024
696621,702275
696622,700067
697246,701689
697247,698991
697248,700057
697249,697874
697250,695464
697251,697252
697252,697875
697253,697875
697254,697253
697255,697254
697256,698419
697257,697256
697258,698996
697259,696615
697260,699514
697261,699514
697262,697261
697263,697264
697264,698421
697265,698421
697266,700639
697267,696620
697268,695477
697870,697871
697871,698991
697872,698993
697873,696609
697874,700059
697875,700060
697876,696016
697877,697263
697878,704410
697879,694377
697880,697267
697881,693373
697882,695475
698413,701171
698414,690049
698415,697873
698416,700059
698417,702262
698418,698995
698419,698995
698420,693366
698421,700637
698422,694375
698423,694376
698424,696024
698425,696620
698989,698414
698990,701690
698991,702255
698992,700057
698993,699510
698994,700634
698995,701699
698996,703883
698997,702265
698998,699515
698999,698422
699000,699001
699001,699518
699002,699003
699003,699520
699004,695477
699005,700067
699508,698414
699509,699510
699510,701694
699511,700060
699512,701699
699513,702265
699514,701173
699515,694913
699516,699517
699517,700065
699518,699002
699519,699520
699520,700641
699521,703339
700056,701171
700057,701693
700058,697873
700059,704945
700060,703325
700061,699514
700062,702271
700063,708865
700064,700065
700065,700639
700066,703340
700067,700644
700633,702253
700634,701694
700635,699515
700636,700637
700637,702269
700638,702271
700639,702273
700640,702820
700641,701178
700642,701178
700643,702821
700644,701705
701171,709414
701172,702812
701173,702814
701174,702270
701175,704955
701176,702819
701177,699518
701178,707144
701179,703890
701180,702275
701688,702253
701689,701690
701690,702255
701691,701692
701692,701693
701693,702256
701694,702809
701695,702259
701696,704402
701697,703327
701698,702811
701699,703883
701700,704404
701701,701700
701702,702268
701703,700636
701704,702820
701705,702276
701706,701707
701707,701181
702252,707704
702253,702254
702254,701689
702255,702806
702256,703321
702257,702258
702258,702809
702259,711581
702260,704402
702261,706010
702262,702811
702263,707136
702264,701700
702265,703885
702266,702814
702267,702268
702268,702816
702269,702270
702270,706013
702271,705467
702272,702819
702273,707142
702274,697267
702275,701705
702276,702277
702277,701707
702806,702807
702807,701692
702808,702256
702809,704941
702810,703325
702811,706601
702812,702264
702813,706012
702814,703329
702815,703329
702816,700636
702817,712652
702818,703333
702819,703336
702820,702273
702821,700642
702822,704415
703319,703320
703320,702806
703321,703322
703322,702258
703323,711029
703324,705462
703325,704945
703326,703327
703327,706600
703328,702264
703329,707139
703330,705466
703331,705466
703332,702269
703333,703889
703334,703333
703335,703336
703336,707142
703337,702821
703338,703337
703339,703338
703340,703339
703341,703340
703342,695473
703343,702276
703881,704943
703882,704947
703883,704404
703884,702812
703885,703884
703886,707714
703887,702816
703888,705467
703889,704410
703890,704412
703891,702275
703892,703343
704399,702254
704400,703322
704401,704941
704402,704945
704403,706010
704404,704947
704405,703885
704406,704405
704407,709921
704408,707714
704409,706608
704410,706608
704411,704955
704412,703341
704413,704412
704414,704413
704415,703890
704416,694923
704937,707704
704938,707705
704939,703320
704940,702807
704941,707132
704942,704943
704943,706007
704944,705460
704945,706598
704946,706601
704947,707137
704948,703884
704949,704405
704950,704951
704951,706012
704952,708264
704953,707140
704954,706015
704955,706015
704956,703343
705460,705461
705461,705462
705462,706597
705463,706600
705464,709922
705465,706605
705466,706605
705467,706013
705468,707143
705469,703337
705470,704415
705471,701181
706006,707708
706007,705460
706008,705461
706009,708854
706010,706598
706011,707136
706012,707139
706013,707140
706014,708861
706015,708267
706016,703338
706017,705470
706018,706017
706019,706018
706020,706615
706021,706020
706022,706021
706023,702277
706595,713165
706596,707706
706597,707133
706598,708855
706599,710474
706600,707135
706601,707135
706602,709418
706603,707137
706604,707139
706605,707714
706606,713745
706607,709925
706608,708266
706609,708267
706610,708268
706611,707718
706612,707143
706613,708869
706614,706017
706615,706019
707128,708260
707129,703321
707130,707131
707131,707132
707132,707711
707133,708854
707134,712130
707135,711032
707136,711032
707137,709418
707138,704951
707139,708857
707140,708859
707141,708266
707142,707718
707143,707720
707144,709928
707145,707144
707146,703341
707147,704413
707148,706615
707149,707148
707150,706020
707151,708872
707704,708850
707705,708257
707706,707705
707707,707708
707708,708260
707709,702807
707710,707131
707711,711578
707712,707133
707713,712637
707714,708264
707715,707716
707716,707717
707717,708859
707718,712136
707719,707720
707720,708867
707721,707146
707722,706021
707723,707722
708257,708850
708258,708257
708259,707706
708260,708851
708261,707711
708262,708855
708263,707714
708264,710478
708265,708860
708266,710480
708267,712653
708268,708865
708269,709422
708270,708867
708271,707146
708272,707722
708850,709414
708851,709415
708852,711029
708853,706007
708854,713171
708855,709917
708856,711032
708857,709920
708858,707717
708859,709421
708860,709925
708861,708860
708862,708861
708863,710480
708864,708268
708865,709422
708866,709424
708867,710481
708868,708869
708869,709928
708870,708271
708871,707148
708872,704956
709414,713165
709415,713733
709416,709917
709417,713173
709418,711587
709419,708857
709420,709920
709421,713178
709422,709423
709423,709424
709424,714905
709425,714301
709426,708872
709917,711584
709918,711587
709919,712641
709920,715538
709921,712644
709922,709921
709923,717273
709924,710478
709925,709421
709926,714903
709927,709423
709928,716716
709929,708271
709930,705470
709931,706019
710472,716125
710473,713169
710474,712637
710475,710474
710476,709922
710477,710476
710478,712131
710479,716713
710480,713747
710481,719576
710482,709928
710483,708870
710484,706018
710485,709426
711028,708851
711029,711579
711030,711581
711031,706597
711032,713740
711033,717863
711034,715534
711035,712644
711036,710476
711037,707716
711038,712134
711039,712651
711040,712653
711041,710481
711042,711593
711573,711028
711574,712632
711575,712632
711576,711577
711577,711578
711578,711579
711579,712633
711580,712633
711581,716129
711582,712634
711583,712130
711584,712635
711585,711584
711586,713174
711587,712639
711588,712131
711589,712133
711590,712134
711591,712650
711592,712136
711593,712654
711594,708870
711595,709930
711596,704956
712127,714292
712128,711028
712129,709415
712130,712635
712131,713745
712132,716132
712133,712645
712134,712133
712135,717281
712136,714905
712137,711593
712138,712656
712629,716125
712630,713730
712631,712128
712632,713169
712633,715530
712634,716704
712635,713171
712636,717266
712637,716706
712638,713174
712639,713174
712640,712639
712641,712640
712642,712641
712643,713177
712644,718440
712645,713178
712646,712645
712647,712646
712648,712647
712649,712650
712650,712651
712651,712652
712652,713179
712653,718448
712654,714301
712655,712137
712656,712655
712657,709930
713165,713730
713166,714292
713167,712631
713168,713734
713169,720160
713170,711577
713171,715532
713172,717859
713173,713740
713174,715535
713175,712641
713176,713175
713177,713176
713178,714901
713179,714902
713180,713747
713181,718453
713182,712655
713183,712656
713184,708872
713730,716699
713731,712631
713732,712128
713733,713734
713734,715529
713735,716128
713736,716129
713737,712634
713738,713739
713739,713173
713740,714295
713741,714295
713742,715535
713743,713175
713744,713177
713745,717876
713746,714901
713747,714902
713748,714903
713749,713184
713750,713184
714292,713731
714293,722923
714294,713739
714295,719003
714296,717863
714297,716708
714298,717868
714299,717276
714300,713179
714301,717284
714302,714301
714303,713750
714304,709426
714888,716700
714889,713731
714890,718999
714891,715530
714892,716129
714893,716703
714894,715532
714895,716706
714896,713743
714897,715538
714898,717873
714899,716132
714900,716713
714901,718445
714902,716134
714903,720172
714904,717281
714905,715541
714906,712137
714907,714908
714908,714303
715527,714292
715528,713733
715529,717261
715530,716701
715531,716128
715532,716704
715533,719003
715534,716708
715535,715534
715536,715535
715537,712640
715538,717271
715539,712647
715540,716134
715541,718451
715542,712654
715543,712657
715544,712657
715545,714303
715546,713750
715547,715546
715548,714304
716125,716699
716126,715529
716127,719566
716128,716701
716129,722923
716130,716131
716131,717264
716132,717276
716133,718444
716134,717280
716135,718448
716136,715541
716137,716717
716138,715542
716139,714908
716700,716699
716701,718999
716702,716131
716703,717265
716704,716705
716705,717266
716706,717859
716707,717269
716708,717269
716709,715537
716710,713176
716711,717271
716712,717874
716713,718444
716714,712646
716715,718449
716716,718453
716717,716716
716718,714907
716719,714304
717261,720160
717262,721257
717263,717264
717264,716703
717265,716704
717266,717858
717267,719002
717268,717861
717269,719572
717270,716711
717271,717867
717272,718440
717273,717869
717274,717273
717275,717274
717276,719006
717277,717879
717278,717277
717279,717280
717280,719007
717281,720734
717282,718449
717283,716717
717284,717283
717857,716700
717858,717859
717859,719002
717860,717861
717861,719003
717862,719571
717863,719571
717864,716710
717865,716710
717866,717867
717867,720167
717868,719004
717869,717868
717870,717869
717871,717274
717872,717871
717873,717872
717874,717873
717875,717876
717876,718443
717877,720168
717878,721822
717879,718445
717880,717879
717881,720736
717882,718451
717883,717283
717884,717284
717885,714907
717886,713750
718433,719564
718434,717261
718435,718436
718436,718998
718437,719568
718438,715537
718439,716711
718440,719004
718441,719573
718442,718443
718443,719006
718444,721261
718445,721262
718446,717277
718447,720734
718448,720736
718449,720737
718450,719008
718451,719008
718452,719576
718453,720174
718454,715542
718455,717886
718997,719564
718998,718999
718999,719568
719000,717265
719001,717858
719002,721816
719003,720163
719004,719573
719005,717874
719006,719574
719007,720171
719008,720737
719009,717884
719010,721264
719011,721264
719012,717886
719564,723475
719565,719566
719566,720162
719567,718998
719568,722922
719569,722924
719570,716705
719571,720163
719572,722387
719573,720167
719574,720168
719575,719007
719576,718451
719577,720738
719578,717884
719579,715546
719580,715548
720159,722919
720160,721257
720161,720162
720162,718436
720163,726162
720164,720163
720165,720164
720166,720164
720167,722926
720168,721260
720169,720730
720170,721822
720171,720172
720172,720733
720173,723999
720174,720738
720175,722931
720723,726152
720724,723477
720725,722919
720726,722924
720727,721817
720728,719572
720729,713743
720730,721261
720731,721262
720732,720733
720733,720734
720734,723486
720735,725077
720736,727356
720737,724001
720738,724569
720739,720174
720740,716719
721254,726150
721255,723475
721256,721257
721257,721813
721258,721816
721259,720729
721260,720730
721261,721821
721262,725076
721263,725078
721264,722931
721265,724571
721266,715548
721811,718434
721812,721813
721813,722380
721814,720162
721815,720162
721816,725074
721817,721816
721818,721817
721819,722926
721820,721821
721821,723996
721822,723997
721823,723488
721824,718455
722378,725627
722379,723477
722380,722381
722381,721814
722382,721814
722383,722384
722384,722922
722385,721258
722386,730680
722387,723480
722388,722387
722389,722926
722390,722391
722391,719574
722392,720171
722393,727927
722394,721824
722919,727912
722920,718434
722921,722380
722922,725633
722923,725634
722924,724558
722925,720729
722926,723993
722927,722391
722928,721260
722929,722392
722930,723999
722931,723488
722932,722931
722933,721824
723475,724554
723476,724555
723477,724556
723478,722922
723479,723991
723480,723991
723481,723480
723482,728501
723483,722928
723484,731268
723485,724563
723486,724567
723487,726167
723488,726170
723489,724571
723490,722933
723986,724556
723987,724558
723988,721258
723989,726161
723990,726162
723991,723990
723992,723480
723993,737723
723994,717871
723995,722928
723996,723997
723997,725637
723998,726774
723999,726776
724000,724568
724001,724568
724002,724001
724003,724002
724554,725628
724555,724554
724556,725631
724557,722384
724558,725635
724559,723990
724560,723992
724561,722925
724562,724563
724563,729029
724564,722392
724565,723486
724566,724567
724567,725077
724568,728506
724569,725640
724570,724569
724571,726777
725070,727911
725071,726158
725072,725635
725073,725074
725074,726159
725075,726161
725076,726774
725077,726167
725078,724002
725079,718455
725080,723490
725627,726153
725628,725627
725629,725628
725630,724555
725631,725630
725632,727911
725633,726157
725634,726158
725635,729580
725636,726773
725637,725076
725638,726775
725639,726776
725640,725078
725641,727925
726151,726150
726152,726151
726153,726152
726154,725631
726155,727912
726156,722381
726157,725634
726158,729021
726159,727918
726160,726159
726161,731868
726162,729584
726163,722925
726164,717872
726165,726166
726166,725637
726167,726775
726168,725640
726169,726168
726170,727925
726171,726777
726765,726151
726766,726765
726767,726156
726768,726156
726769,725633
726770,727918
726771,730681
726772,726773
726773,728501
726774,729028
726775,727356
726776,729589
726777,727359
726778,723490
726779,716719
727348,726153
727349,732942
727350,728493
727351,726768
727352,729584
727353,731267
727354,730115
727355,723486
727356,730117
727357,728506
727358,726170
727359,727927
727360,727359
727361,727360
727362,726778
727909,725630
727910,727911
727911,729575
727912,729575
727913,727351
727914,727915
727915,726769
727916,726769
727917,730108
727918,734167
727919,723992
727920,730685
727921,726166
727922,729029
727923,730120
727924,726169
727925,728509
727926,727358
727927,729034
727928,727360
727929,721824
727930,727362
727931,727362
727932,727931
728493,732389
728494,728493
728495,729579
728496,729580
728497,730108
728498,732947
728499,734166
728500,738788
728501,729586
728502,723993
728503,723996
728504,726166
728505,730118
728506,729589
728507,727924
728508,726169
728509,728508
728510,728509
729020,732388
729021,729579
729022,731263
729023,729586
729024,732950
729025,733536
729026,730685
729027,729028
729028,730114
729029,731872
729030,729029
729031,727924
729032,729031
729033,728508
729034,727358
729035,727931
729572,726765
729573,725628
729574,732388
729575,732942
729576,727351
729577,727915
729578,727916
729579,731259
729580,731260
729581,730678
729582,731262
729583,730680
729584,731263
729585,730109
729586,732394
729587,734173
729588,730686
729589,732397
729590,729034
729591,729590
730108,731261
730109,730681
730110,730109
730111,730684
730112,730684
730113,730114
730114,731267
730115,730687
730116,730689
730117,730118
730118,732396
730119,732396
730120,729589
730121,726168
730122,729590
730123,722933
730124,727930
730675,726768
730676,731259
730677,732391
730678,731868
730679,730678
730680,731262
730681,731870
730683,732394
730684,731266
730685,731266
730686,731268
730687,730686
730688,730687
730689,730117
731256,729576
731257,729577
731258,729021
731259,731260
731260,731261
731261,732946
731262,731869
731263,731869
731264,731870
731265,730681
731266,734174
731267,732954
731268,732954
731269,730120
731270,729034
731271,730124
731272,731271
731862,728492
731863,728492
731864,734162
731865,732389
731866,731258
731867,731258
731868,732391
731869,732948
731870,737721
731871,733536
731872,730115
731873,730689
731874,729032
731875,731270
731876,732398
731877,731271
732388,734162
732389,737716
732390,731866
732391,734167
732392,731868
732393,732948
732394,732950
732395,734171
732396,732955
732397,732955
732398,732958
732399,732398
732400,733544
732941,731862
732942,737160
732943,727916
732944,731258
732945,732946
732946,732947
732947,736615
732948,733532
732949,733532
732950,734170
732951,734173
732952,736624
732953,736625
732954,736627
732955,736629
732956,729031
732957,736046
732958,736051
732959,732958
732960,726778
732961,733544
733528,735468
733529,729576
733530,734166
733531,734167
733532,736034
733533,736619
733534,732394
733535,734170
733536,735475
733537,734875
733538,735476
733539,736040
733540,731874
733541,731874
733542,733541
733543,730124
734161,731862
734162,736609
734163,735468
734164,733529
734165,735472
734166,735472
734167,736617
734168,742679
734169,733534
734170,736036
734171,735475
734172,734171
734173,738791
734174,734875
734175,734174
734176,736627
734177,731872
734178,740979
734179,732397
734180,732956
734181,733541
734182,734181
734183,731270
734184,725080
734866,735467
734867,735467
734868,733529
734869,726157
734870,732944
734871,738788
734872,734169
734873,736036
734874,736624
734875,738260
734876,736625
734877,735477
734878,734177
734879,738264
734880,731269
734881,729032
734882,734183
734883,734882
734884,733543
735467,736027
735468,740414
735469,734164
735470,734164
735471,731260
735472,736616
735473,736034
735474,736619
735475,740424
735476,739847
735477,735476
735478,735477
735479,734878
735480,732956
735481,733543
736026,735467
736027,736608
736028,736029
736029,736609
736030,738256
736031,735470
736032,729577
736033,736617
736034,737164
736035,740973
736036,737723
736037,738791
736038,734177
736039,736040
736040,736628
736041,736042
736042,739851
736043,736629
736044,736043
736045,734181
736046,736045
736047,736634
736048,736047
736049,736047
736050,734882
736051,736050
736052,737728
736607,734161
736608,736029
736609,737715
736610,737160
736611,740970
736612,735470
736613,731866
736614,737162
736615,736616
736616,737719
736617,739842
736618,738784
736619,737721
736620,740973
736621,734169
736622,733534
736623,738790
736624,740426
736625,738260
736626,740977
736627,737726
736628,736042
736629,738265
736630,736043
736631,731269
736632,734180
736633,736046
736634,736633
736635,737172
737159,734161
737160,737716
737162,736615
737163,738784
737164,739845
737165,737164
737166,742682
737167,737168
737168,737726
737169,736631
737170,736634
737171,725080
737711,740969
737712,736027
737713,736608
737714,737715
737715,738254
737716,738256
737717,735470
737718,737162
737719,739842
737720,738787
737721,738787
737722,742678
737723,739324
737724,738790
737725,739325
737726,739327
737727,734180
737728,736051
737729,732960
738253,738254
738254,738255
738255,738256
738256,740414
738257,732944
738258,737719
738259,740426
738260,738793
738261,740979
738262,741547
738263,736628
738264,739851
738265,738264
738266,738265
738780,737159
738781,737712
738782,737712
738783,738257
738784,739844
738785,740421
738786,739322
738787,739322
738788,742679
738789,741540
738790,741543
738791,739325
738792,738793
738793,739847
738794,737168
738795,736045
738796,734183
738797,736050
739320,738255
739321,738257
739323,741540
739324,740424
739325,742685
739326,741544
739327,741546
739328,739327
739329,734878
739330,738795
739838,737159
739839,738780
739841,738783
739842,739843
739843,739844
739845,740421
739846,739845
739847,740976
739848,740976
739849,740977
739850,742131
739851,740980
739852,737727
739853,738797
739854,737728
740413,738780
740414,740970
740416,740418
740417,740418
740418,736614
740419,739843
740420,741539
740421,741539
740422,740423
740423,740975
740424,740975
740425,741543
740426,741544
740428,736631
740429,737727
740430,736633
740431,739853
740432,737172
740969,739839
740974,742682
740975,742684
740978,741546
740979,741547
740981,734179
740982,738795
741534,740969
741538,737162
741542,740423
741543,742684
741544,742685
741548,740428
741549,731874
741550,740430
741551,741550
741552,732960
742126,741534
742127,742126
742132,740980
742133,734179
742134,741549
742135,741552
742673,741534
742679,742678
742683,739324
